Daily update on Mon Oct 27 12:26:29 UTC 2025
Daily update on Mon Oct 27 12:27:03 UTC 2025
Daily update on Tue Oct 28 09:25:12 UTC 2025
Daily update on Wed Oct 29 09:24:28 UTC 2025
Daily update on Thu Oct 30 09:25:12 UTC 2025
Daily update on Fri Oct 31 09:24:51 UTC 2025
Daily update on Sat Nov  1 09:20:57 UTC 2025
Daily update on Sun Nov  2 09:19:40 UTC 2025
Daily update on Mon Nov  3 09:28:08 UTC 2025
Daily update on Tue Nov  4 09:26:42 UTC 2025
Daily update on Wed Nov  5 09:26:18 UTC 2025
Daily update on Thu Nov  6 09:25:30 UTC 2025
Daily update on Fri Nov  7 09:24:07 UTC 2025
Daily update on Sat Nov  8 09:20:49 UTC 2025
Daily update on Sun Nov  9 09:20:12 UTC 2025
Daily update on Mon Nov 10 09:28:00 UTC 2025
Daily update on Tue Nov 11 09:26:27 UTC 2025
Daily update on Wed Nov 12 09:26:21 UTC 2025
Daily update on Thu Nov 13 09:26:44 UTC 2025
Daily update on Fri Nov 14 09:25:55 UTC 2025
Daily update on Sat Nov 15 09:21:07 UTC 2025
